{"frames":{"playerShip (6)0.png":{"frame":{"x":0,"y":0,"w":96,"h":96},"rotated":false,"trimmed":false,"spriteSourceSize":{"x":0,"y":0,"w":96,"h":96},"sourceSize":{"w":96,"h":96}},"playerShip (6)1.png":{"frame":{"x":96,"y":0,"w":96,"h":96},"rotated":false,"trimmed":false,"spriteSourceSize":{"x":0,"y":0,"w":96,"h":96},"sourceSize":{"w":96,"h":96}},"playerShip (6)2.png":{"frame":{"x":0,"y":96,"w":96,"h":96},"rotated":false,"trimmed":false,"spriteSourceSize":{"x":0,"y":0,"w":96,"h":96},"sourceSize":{"w":96,"h":96}},"playerShip (6)3.png":{"frame":{"x":96,"y":96,"w":96,"h":96},"rotated":false,"trimmed":false,"spriteSourceSize":{"x":0,"y":0,"w":96,"h":96},"sourceSize":{"w":96,"h":96}}},"meta":{"app":"https://github.com/piskelapp/piskel/","version":"1.0","image":"playerShip (6).png","format":"RGBA8888","size":{"w":192,"h":192}}}